eid,ename,email,gender
1,Moises,mbarabisch0@so-net.ne.jp,Male
2,Angelika,amearing1@discovery.com,Female
3,Perice,pbindin2@pcworld.com,Male
4,Hashim,hrawe3@pinterest.com,Male
5,Ursulina,ugilfoyle4@hatena.ne.jp,Female
6,Gabbie,gstyles5@discovery.com,Male
7,Emanuel,ehynd6@dot.gov,Male
8,Malory,mstapleton7@t.co,Genderqueer
9,Edwin,ereese8@mtv.com,Male
10,Ralf,rrojel9@comcast.net,Male
11,Layton,lkinchleya@dmoz.org,Male
12,Brade,bkollachb@delicious.com,Male
13,Ralph,rgarlickec@macromedia.com,Male
14,Jaimie,jmathoused@goodreads.com,Female
15,Agatha,ajorcke@earthlink.net,Female
16,Evangelia,epluvierf@quantcast.com,Female
17,Verine,vkirkbrideg@cloudflare.com,Female
18,Betsey,breggioh@chicagotribune.com,Female
19,Joachim,jstanlicki@godaddy.com,Male
20,Zebadiah,zcottyj@google.pl,Male